{"lr": 2e-05, "_runtime": 41083, "_timestamp": 1648501717, "_step": 13699, "train_top1": 59.375, "train_top5": 78.125, "loss": 1.5279338359832764, "val_top1": 41.302083333333336, "val_top5": 70.56423611111111, "_wandb": {"runtime": 41086}}