{"lr": 2e-05, "_runtime": 41148, "_timestamp": 1648619611, "_step": 13699, "train_top1": 67.1875, "train_top5": 87.5, "loss": 1.3379240036010742, "val_top1": 46.02430555555556, "val_top5": 75.98090277777777, "_wandb": {"runtime": 41151}}