{"lr": 2e-05, "_runtime": 41327, "_timestamp": 1648577695, "_step": 13699, "train_top1": 60.9375, "train_top5": 87.5, "loss": 1.4830175638198853, "val_top1": 46.223958333333336, "val_top5": 75.47743055555556, "_wandb": {"runtime": 41328}}